,pitch_index,actual,predicted_KNN,predicted_DT
0,7185,10,10,9
1,1491,9,10,9
2,625,10,10,10
3,10349,4,4,4
4,5263,2,2,2
5,7742,10,10,10
6,2265,10,10,10
7,3451,10,10,10
8,1008,10,10,10
9,2,9,9,9
10,2005,4,4,4
11,1382,10,10,10
12,4921,9,10,10
13,3016,4,4,4
14,9869,10,10,10
15,6341,4,4,4
16,7918,7,7,7
17,8561,10,10,10
18,8515,4,4,4
19,2090,9,9,9
20,1936,4,4,4
21,10209,9,9,9
22,3875,2,2,2
23,9977,9,9,9
24,6121,9,9,9
25,4659,8,8,8
26,8532,9,9,9
27,2481,10,10,10
28,3325,9,9,9
29,10216,9,9,9
30,1557,10,10,10
31,4923,4,4,4
32,10447,4,4,4
33,8531,10,10,9
34,4416,3,3,2
35,8509,9,9,9
36,170,10,10,10
37,5624,9,9,9
38,1507,10,10,10
39,10074,10,10,10
40,6722,2,2,2
41,1879,9,9,9
42,9511,9,9,9
43,3087,2,2,2
44,9059,4,4,4
45,4922,2,2,2
46,9394,9,9,9
47,2964,4,4,4
48,3198,9,10,10
49,2371,10,10,10
50,2689,2,2,2
51,600,9,9,9
52,8939,10,9,9
53,9389,10,10,9
54,3115,2,2,2
55,1254,2,2,2
56,8841,4,4,4
57,8564,4,4,4
58,2485,10,9,9
59,3509,10,10,10
60,1563,4,4,4
61,8454,8,8,8
62,1007,3,3,3
63,5886,10,10,10
64,1095,7,7,7
65,2153,10,9,9
66,2103,10,10,10
67,8717,8,8,8
68,4624,10,10,10
69,3568,9,9,9
70,8745,4,4,4
71,6760,10,10,10
72,4594,2,2,2
73,10338,7,7,7
74,4496,10,10,10
75,6641,9,9,9
76,3799,10,10,10
77,9897,4,4,4
78,19,9,9,9
79,2467,10,10,10
80,2071,10,10,10
81,1893,2,2,2
82,1285,10,10,9
83,7395,10,10,10
84,9914,10,10,10
85,4652,9,9,9
86,9086,9,9,9
87,3897,4,4,4
88,8077,4,4,4
89,9317,9,9,9
90,2680,2,2,2
91,8271,10,10,10
92,9604,10,10,10
93,8525,4,4,4
94,4265,9,9,9
95,6096,8,8,10
96,596,4,4,4
97,3454,9,10,10
98,2384,10,10,10
99,6062,9,9,9
100,8452,10,10,10
101,4598,10,10,10
102,4813,2,2,2
103,7495,9,9,9
104,3623,4,4,4
105,9996,7,7,7
106,1301,10,10,10
107,3139,7,7,7
108,4463,9,9,9
109,1824,10,10,10
110,1625,4,4,4
111,1096,10,10,10
112,8857,10,10,10
113,4676,2,2,2
114,5948,10,10,10
115,5061,10,10,10
116,4636,2,2,2
117,2643,9,9,9
118,4218,8,8,8
119,6420,10,10,10
120,158,4,4,4
121,4917,7,7,7
122,4990,10,10,10
123,2051,9,9,9
124,5246,10,10,9
125,9997,10,10,10
126,7523,9,9,9
127,8078,10,10,10
128,6682,10,10,10
129,3978,10,10,10
130,7581,4,4,4
131,3207,9,9,9
132,3003,9,9,9
133,6237,10,10,10
134,1631,2,2,2
135,7252,10,10,10
136,5697,9,9,9
137,1947,10,10,10
138,10419,10,10,10
139,3470,10,10,10
140,4983,9,9,9
141,4398,8,8,8
142,5422,9,9,9
143,3985,9,9,9
144,7011,9,9,9
145,3586,10,10,10
146,1318,10,10,10
147,2425,10,10,10
148,9076,10,10,10
149,10487,2,2,2
150,10534,10,10,10
151,10525,10,10,10
152,5951,10,10,10
153,2882,10,10,10
154,8369,9,9,9
155,7101,10,10,10
156,8414,2,2,2
157,7732,9,9,9
158,5027,3,7,3
159,1155,9,9,9
160,7156,10,10,10
161,10385,7,7,7
162,4254,7,7,7
163,7513,10,9,10
164,788,10,10,10
165,9315,4,4,4
166,229,4,4,4
167,7892,9,9,9
168,3394,2,2,2
169,6654,9,9,9
170,371,10,10,10
171,5983,9,10,9
172,2222,2,2,2
173,7689,8,8,8
174,10321,10,10,10
175,954,8,8,8
176,1694,10,10,10
177,2250,9,9,9
178,5821,9,9,9
179,123,9,9,9
180,7862,2,2,2
181,9854,10,9,9
182,5754,10,10,10
183,2684,9,9,9
184,9128,10,10,10
185,1137,7,7,7
186,4468,2,2,2
187,4814,9,10,10
188,7858,8,8,8
189,5144,9,9,9
190,10414,4,4,4
191,4366,9,9,9
192,2902,2,2,2
193,6620,10,9,10
194,4148,4,4,4
195,6640,10,10,8
196,1396,10,9,9
197,94,10,10,10
198,7954,8,8,8
199,8255,7,7,7
200,4773,2,2,2
201,6014,9,9,9
202,4800,7,7,7
203,5906,7,7,7
204,7653,10,10,10
205,9790,4,4,4
206,1354,4,4,4
207,8548,4,4,4
208,3206,8,8,8
209,6467,10,10,10
210,3384,9,9,9
211,4931,7,7,7
212,5707,2,2,2
213,7277,2,2,2
214,6929,10,10,10
215,6261,9,9,9
216,8051,9,9,9
217,7730,8,8,8
218,79,4,4,4
219,4627,9,10,8
220,6119,9,9,9
221,3156,4,4,4
222,1708,9,9,9
223,5802,4,4,4
224,2335,2,2,2
225,9853,9,9,9
226,3425,7,7,4
227,4770,9,9,9
228,8357,9,9,9
229,9770,10,10,10
230,5634,8,8,8
231,9337,9,9,9
232,6067,2,2,2
233,1384,10,10,10
234,5151,9,9,9
235,5111,9,9,9
236,9716,10,9,10
237,6379,7,7,7
238,37,10,10,10
239,4293,2,2,2
240,7359,10,10,10
241,7804,10,9,9
242,7626,4,4,4
243,1797,7,7,7
244,7657,9,9,9
245,1293,2,2,2
246,717,2,2,2
247,1316,2,2,2
248,7529,9,9,9
249,3579,9,9,9
250,4374,10,10,10
251,7278,2,2,2
252,4014,8,8,8
253,1261,8,8,8
254,3286,9,9,9
255,2970,4,4,4
256,1257,10,10,10
257,6595,4,7,7
258,628,10,10,10
259,4807,10,10,10
260,7083,2,2,2
261,9878,10,10,10
262,6063,4,4,4
263,3641,3,7,7
264,6192,10,10,10
265,662,10,9,10
266,7409,2,2,2
267,2678,10,10,10
268,2010,10,10,10
269,792,9,9,9
270,1522,10,10,10
271,4422,4,4,4
272,4561,8,8,8
273,1623,2,2,2
274,4701,2,2,2
275,1963,10,10,10
276,8815,9,9,9
277,4311,4,4,4
278,9867,9,9,9
279,2730,10,10,10
280,9362,9,9,9
281,5535,4,4,4
282,6942,3,4,4
283,5511,9,9,4
284,8050,10,10,10
285,4060,10,10,10
286,5515,9,9,9
287,3488,9,9,9
288,7328,10,10,10
289,10034,10,10,10
290,3358,7,7,7
291,1444,9,9,10
292,3387,10,10,9
293,639,9,9,9
294,587,10,10,10
295,7507,3,3,3
296,3219,7,7,7
297,6210,4,4,4
298,7440,9,9,9
299,7885,9,9,9
300,9778,10,10,10
301,4939,7,7,7
302,10498,9,9,9
303,9031,7,7,7
304,4960,9,9,10
305,4098,10,10,10
306,9797,9,9,9
307,8780,2,2,2
308,6937,10,10,10
309,3962,9,9,9
310,556,10,10,10
311,9888,10,10,10
312,2857,10,10,10
313,6623,4,4,4
314,10097,2,2,2
315,2620,3,3,3
316,9565,10,10,10
317,4477,2,2,2
318,4099,9,10,9
319,1531,9,9,9
320,680,10,10,10
321,5495,10,10,10
322,537,4,4,4
323,10343,10,10,10
324,2576,2,2,2
325,937,2,2,2
326,4822,10,10,10
327,4310,9,9,9
328,7202,10,10,10
329,6347,10,10,9
330,549,9,9,9
331,2332,2,2,2
332,5559,9,9,9
333,9956,10,10,10
334,7420,9,9,4
335,491,4,4,4
336,9345,2,2,2
337,3143,10,10,10
338,8480,10,10,10
339,6762,10,10,10
340,3333,3,3,3
341,7235,2,2,2
342,5286,10,10,10
343,888,4,4,4
344,2489,9,9,9
345,5843,9,9,10
346,8328,9,9,9
347,6074,10,10,10
348,4774,9,9,9
349,9464,10,10,10
350,4744,7,7,7
351,7636,4,4,4
352,8218,10,10,9
353,4065,9,9,9
354,995,8,8,8
355,6435,7,7,7
356,10160,10,9,9
357,3690,10,10,10
358,3397,9,9,9
359,4010,8,8,8
360,3239,10,10,10
361,9624,4,4,4
362,349,9,9,9
363,2872,3,4,4
364,9159,2,2,2
365,6695,7,7,7
366,2305,4,4,4
367,4703,10,10,10
368,1279,9,9,9
369,4526,7,7,7
370,6061,7,7,4
371,6793,10,10,10
372,3552,9,9,9
373,3984,4,4,4
374,2289,4,4,4
375,186,3,3,3
376,2050,9,9,10
377,6693,10,10,10
378,5249,10,10,10
379,10580,10,10,10
380,3210,4,4,4
381,9999,10,9,9
382,6624,9,9,9
383,5755,10,10,10
384,6765,4,4,4
385,2935,4,4,4
386,5397,10,10,10
387,8502,2,2,2
388,9852,10,10,10
389,6448,8,8,8
390,9752,7,7,7
391,6156,10,10,10
392,9622,3,4,4
393,10406,7,7,7
394,6709,9,9,9
395,4330,2,2,2
396,6982,2,2,2
397,10545,7,7,7
398,8308,4,4,9
399,377,2,2,2
400,8083,4,4,4
401,5867,4,4,4
402,2493,2,2,2
403,6444,9,9,9
404,4113,9,9,9
405,8635,4,4,4
406,10333,8,8,8
407,3873,10,10,10
408,486,2,2,2
409,5146,10,10,10
410,6463,10,10,10
411,442,10,10,10
412,1218,10,10,10
413,1850,4,4,4
414,2217,4,4,4
415,3379,10,10,10
416,566,2,2,2
417,9495,4,4,4
418,4364,9,9,10
419,6878,10,10,10
420,10360,9,9,9
421,5281,7,7,7
422,3581,10,8,10
423,3550,10,10,10
424,1990,10,10,10
425,9903,10,10,10
426,7746,4,4,4
427,2904,8,8,8
428,10006,9,9,9
429,6068,10,10,8
430,5875,10,10,10
431,2338,9,9,9
432,8049,4,4,4
433,8019,10,10,10
434,605,9,9,9
435,9492,9,9,9
436,6663,4,4,4
437,10536,2,2,2
438,5093,10,10,10
439,1235,2,2,2
440,7231,10,10,10
441,9341,9,9,9
442,3562,3,3,3
443,1978,2,2,2
444,6076,2,2,2
445,3976,10,10,10
446,2194,9,10,10
447,6610,8,8,8
448,5012,10,10,10
449,7088,9,9,9
450,44,10,10,9
451,9230,4,4,4
452,8221,2,2,2
453,7084,8,8,8
454,678,9,9,9
455,2975,9,9,9
456,9890,2,2,2
457,9265,9,9,9
458,7796,10,10,10
459,3177,2,2,2
460,3256,7,7,7
461,2271,2,2,2
462,6200,10,9,9
463,224,8,8,8
464,9452,10,10,10
465,21,9,9,9
466,10024,10,10,10
467,8890,10,10,10
468,7350,9,9,9
469,9454,2,2,2
470,1376,9,9,9
471,560,4,4,4
472,1590,4,4,4
473,2989,9,9,9
474,4328,9,9,9
475,4489,9,9,9
476,10211,9,9,9
477,8546,7,7,7
478,4943,10,10,10
479,4530,9,9,9
480,8900,4,4,4
481,9568,4,4,4
482,4152,9,9,9
483,674,9,9,10
484,5840,10,10,10
485,6134,9,9,9
486,540,7,4,4
487,10584,9,10,9
488,1569,9,9,9
489,8663,4,4,7
490,4714,2,2,2
491,10409,8,8,8
492,6617,7,7,7
493,8817,10,10,10
494,310,7,7,7
495,8061,9,10,9
496,5572,10,9,9
497,3658,10,10,9
498,1494,9,9,9
499,7524,10,10,10
500,3335,10,10,10
501,7254,10,10,10
502,6576,8,8,8
503,2968,4,4,4
504,3595,10,10,10
505,5252,10,10,10
506,3937,2,2,2
507,4050,9,9,9
508,433,10,10,10
509,7485,7,7,7
510,5938,2,2,2
511,5923,10,9,9
512,5762,2,2,2
513,2471,2,2,2
514,6485,9,10,9
515,5192,2,2,2
516,4509,4,4,4
517,4643,10,10,10
518,4231,9,10,10
519,5255,4,4,4
520,4966,8,8,8
521,7699,10,10,10
522,2618,9,9,9
523,4662,4,4,4
524,4064,10,10,10
525,10076,8,8,8
526,545,9,9,9
527,8922,2,2,2
528,8634,4,4,7
529,218,9,10,10
530,10090,8,8,8
531,10107,2,2,2
532,865,10,10,9
533,4318,2,2,2
534,6689,3,3,3
535,6490,9,9,10
536,9882,9,9,9
537,9269,10,10,10
538,6133,7,7,7
539,1225,7,7,7
540,6278,9,9,9
541,9386,10,9,10
542,5025,2,2,2
543,2469,4,4,4
544,8416,9,9,9
545,4040,4,4,4
546,10555,4,4,4
547,10151,9,9,9
548,3287,8,8,10
549,6711,2,2,2
550,10269,10,10,10
551,48,9,9,9
552,5408,10,10,10
553,10644,2,2,2
554,5143,9,10,10
555,2745,7,7,7
556,3627,10,10,10
557,10,8,8,8
558,8261,7,7,7
559,7831,9,9,9
560,269,8,8,8
561,2539,10,10,10
562,8518,9,9,9
563,10227,9,9,9
564,7441,10,10,10
565,1125,9,9,9
566,263,2,2,2
567,9139,9,9,9
568,10384,8,8,8
569,726,2,2,2
570,9967,9,9,9
571,10598,9,9,9
572,10037,9,9,9
573,10362,7,7,7
574,7128,9,9,9
575,8608,10,10,10
576,2866,9,10,10
577,3973,9,9,9
578,4342,10,10,10
579,7205,2,2,2
580,7173,2,2,2
581,2143,4,4,4
582,5109,9,9,9
583,6319,10,10,10
584,2972,8,8,8
585,119,10,10,10
586,3601,8,8,8
587,838,10,10,10
588,3519,9,9,9
589,5704,9,9,9
590,2049,10,10,10
591,3891,9,9,9
592,8750,9,9,9
593,7895,4,4,4
594,6434,10,10,10
595,6439,9,9,9
596,369,4,7,4
597,7970,2,2,2
598,10324,10,10,10
599,9651,10,10,10
600,2424,9,9,4
601,7931,10,10,9
602,4663,8,8,8
603,3756,9,9,9
604,7020,8,8,8
605,7029,10,10,10
606,2082,4,4,4
607,6905,9,9,9
608,5863,8,8,8
609,9056,7,7,7
610,9237,4,4,4
611,6303,10,10,9
612,2743,9,9,9
613,236,9,10,10
614,4836,8,8,8
615,771,7,7,7
616,9921,9,9,9
617,6918,8,8,8
618,3522,4,4,4
619,10086,3,7,3
620,7864,10,10,10
621,5610,7,7,7
622,1403,2,2,2
623,5108,10,10,10
624,3672,2,2,2
625,10507,10,10,9
626,665,10,10,10
627,359,4,4,4
628,3650,10,10,10
629,867,9,9,9
630,5799,10,10,10
631,5273,9,9,9
632,2593,10,10,10
633,7693,7,7,7
634,8746,9,10,9
635,8042,9,9,9
636,1892,10,10,9
637,4431,2,2,2
638,9480,9,9,9
639,8931,10,10,10
640,9162,9,9,9
641,9987,7,7,7
642,663,2,2,2
643,4581,4,4,4
644,547,7,4,4
645,10042,9,9,9
646,4704,9,9,9
647,3866,9,10,10
648,6991,8,8,8
649,2930,10,10,10
650,8482,7,7,4
651,7906,10,10,10
652,1979,4,4,4
653,2748,9,9,9
654,8861,10,10,10
655,5153,2,2,2
656,6895,7,7,7
657,8872,4,4,7
658,3675,9,9,9
659,1123,9,9,9
660,2708,4,4,4
661,3886,10,10,10
662,8938,10,10,10
663,8475,10,10,10
664,7717,2,2,2
665,1140,2,2,2
666,5479,4,4,4
667,10361,9,9,9
668,10240,10,10,10
669,1004,7,7,7
670,7064,2,2,2
671,9937,7,7,7
672,780,4,4,4
673,3679,7,7,7
674,5414,2,2,2
675,5308,10,10,10
676,1457,9,9,9
677,1178,9,9,9
678,8594,3,3,2
679,4332,9,9,9
680,8554,9,9,9
681,6297,9,9,9
682,1310,7,7,7
683,5604,10,9,9
684,6565,2,2,2
685,10200,9,9,9
686,95,10,10,10
687,6915,10,10,9
688,8378,9,9,9
689,3689,10,10,10
690,4789,9,9,4
691,7556,10,10,10
692,1343,2,2,2
693,3660,10,10,10
694,1686,10,10,10
695,8719,7,7,7
696,6276,9,9,9
697,8568,10,10,10
698,2798,9,9,9
699,6284,9,9,9
700,661,10,10,10
701,6615,9,9,9
702,5834,9,9,9
703,3214,4,4,4
704,9646,4,4,4
705,9673,2,2,2
706,7625,9,9,9
707,4693,2,2,2
708,4533,10,10,10
709,3840,10,8,8
710,6839,3,10,10
711,9497,7,7,7
712,3793,10,10,10
713,3094,9,10,10
714,3691,4,4,9
715,4363,4,4,4
716,1476,10,10,10
717,1948,9,9,9
718,4279,10,10,10
719,8674,9,9,9
720,504,10,10,10
721,6862,10,10,10
722,893,7,7,7
723,2670,10,10,10
724,10258,2,2,2
725,2625,9,9,9
726,10522,10,10,10
727,5340,2,2,2
728,3293,10,10,10
729,6659,8,8,8
730,5272,10,10,10
731,10631,7,7,7
732,277,2,2,2
733,1378,2,2,2
734,1245,10,10,10
735,5801,10,9,10
736,261,10,10,9
737,313,10,10,10
738,911,9,9,9
739,1437,9,9,9
740,4633,2,2,2
741,6574,9,9,9
742,2655,10,9,10
743,4573,7,7,7
744,2113,9,9,9
745,7561,8,8,8
746,6037,10,10,10
747,2177,9,9,9
748,7369,7,7,7
749,6834,8,8,8
750,3753,10,10,10
751,1244,10,10,10
752,2124,8,8,3
753,7911,4,4,4
754,8045,8,10,10
755,6357,4,4,4
756,2132,9,9,9
757,5686,4,4,4
758,10147,9,9,9
759,7028,2,2,2
760,5382,4,4,4
761,3694,9,9,10
762,8219,7,7,4
763,4220,8,8,8
764,54,7,7,7
765,10594,4,4,4
766,4919,2,2,2
767,2356,2,2,2
768,988,4,4,4
769,8097,9,9,9
770,4926,8,8,8
771,9491,8,8,8
772,7284,10,10,10
773,3472,10,10,10
774,8493,10,10,10
775,9643,7,4,4
776,8076,10,10,10
777,7000,2,2,2
778,2062,9,9,9
779,9133,10,10,10
780,9338,9,9,9
781,8759,4,4,4
782,4026,7,7,7
783,2030,4,4,4
784,3006,9,9,9
785,8427,7,7,7
786,5633,7,7,7
787,7726,9,9,9
788,10311,8,8,8
789,9482,10,10,10
790,4684,10,10,10
791,4194,7,7,7
792,6358,8,8,8
793,9177,2,2,2
794,6946,9,9,9
795,5015,10,10,10
796,6899,4,4,4
797,327,9,10,10
798,3446,9,10,9
799,9874,2,2,2
800,8969,10,10,10
801,2917,9,9,9
802,1414,9,10,10
803,3031,4,4,4
804,10370,2,2,2
805,3932,8,8,8
806,345,4,4,4
807,5339,2,2,2
808,1359,9,9,9
809,2215,10,10,10
810,5837,2,2,2
811,4092,9,9,9
812,8588,4,4,4
813,10336,10,10,10
814,3766,10,10,10
815,7292,4,4,4
816,8043,7,7,7
817,3168,4,4,4
818,3594,4,4,4
819,2184,2,2,2
820,9383,7,7,7
821,2494,10,10,10
822,9861,8,8,8
823,4470,10,10,10
824,1722,2,2,2
825,3481,9,9,9
826,6680,2,2,2
827,6309,10,10,9
828,379,10,9,9
829,5429,10,10,10
830,1489,7,7,7
831,8174,2,2,2
832,5509,9,9,9
833,5808,7,7,7
834,7729,9,10,10
835,4862,9,9,9
836,1339,7,7,7
837,1917,8,8,8
838,4713,10,10,10
839,2412,2,2,2
840,6797,2,2,2
841,5892,10,10,10
842,5807,9,9,9
843,5313,10,10,10
844,6060,2,2,2
845,8360,2,2,2
846,9910,7,7,7
847,10427,8,10,10
848,2387,8,8,8
849,389,10,9,9
850,7386,9,9,9
851,9955,2,2,2
852,2716,9,10,10
853,3001,9,9,9
854,7287,3,7,3
855,4047,9,9,9
856,1612,9,9,8
857,2456,9,9,9
858,9930,9,9,9
859,7053,9,9,9
860,1275,2,2,2
861,6355,10,10,10
862,8153,3,3,3
863,4828,10,10,10
864,6307,7,7,7
865,1922,7,7,7
866,4375,10,10,10
867,4472,9,9,9
868,4885,10,10,10
869,6110,10,9,9
870,454,10,10,10
871,5512,2,2,2
872,2958,9,9,9
873,7803,2,2,2
874,6745,9,9,9
875,3212,9,10,9
876,6935,10,10,10
877,6852,4,4,4
878,9618,9,9,9
879,6731,2,2,2
880,9271,9,9,9
881,10175,9,9,9
882,5797,4,4,4
883,1321,10,10,10
884,1805,10,10,10
885,390,10,10,10
886,6906,9,9,9
887,5074,9,9,9
888,7564,2,2,3
889,4818,10,10,10
890,5849,9,9,9
891,1647,2,2,2
892,341,10,10,10
893,5731,7,7,7
894,2825,9,9,10
895,5598,2,2,2
896,9166,9,9,9
897,3126,9,9,9
898,1219,7,7,7
899,4089,2,2,2
900,1799,8,8,8
901,4238,9,9,9
902,31,9,9,9
903,6864,4,4,4
904,5950,7,7,7
905,8952,2,2,2
906,5089,7,7,7
907,4737,9,9,9
908,3589,2,2,2
909,535,9,9,9
910,6813,9,9,9
911,5740,8,8,8
912,7275,4,4,4
913,7347,9,9,9
914,4407,10,10,10
915,7961,9,9,9
916,8789,2,2,2
917,5445,10,10,10
918,5772,9,10,10
919,1640,9,10,10
920,5519,9,9,9
921,3988,7,4,7
922,7182,10,10,9
923,8206,10,10,10
924,5877,4,4,4
925,10094,4,4,4
926,495,2,2,2
927,4515,10,10,10
928,6239,9,9,4
929,237,9,9,9
930,5129,2,2,2
931,7335,10,9,10
932,2046,9,9,9
933,5753,9,9,9
934,2273,10,10,10
935,10474,7,7,7
936,3602,10,9,9
937,1015,4,4,4
938,3925,7,7,7
939,9737,9,9,9
940,1836,9,9,9
941,4801,2,2,2
942,8113,4,7,3
943,9840,9,9,9
944,3872,9,9,9
945,1207,9,9,9
946,6821,4,4,4
947,1309,4,4,4
948,279,10,10,10
949,3116,10,9,9
950,8889,8,8,9
951,9734,9,9,9
952,4675,9,9,9
953,10352,8,8,8
954,8007,9,9,9
955,2206,9,9,9
956,2867,9,10,10
957,2922,10,10,10
958,6228,4,4,4
959,1787,2,2,2
960,5907,7,7,7
961,6479,2,2,2
962,8213,10,10,10
963,1568,7,7,7
964,7934,9,9,9
965,1090,9,10,10
966,1776,9,10,10
967,7989,2,2,2
968,5062,8,8,8
969,10065,10,10,10
970,4766,10,10,10
971,7786,10,10,10
972,6489,7,7,7
973,6086,2,2,2
974,5969,10,9,10
975,7711,7,4,4
976,8653,9,9,9
977,8659,2,2,2
978,3434,4,4,4
979,7700,2,2,2
980,157,10,10,10
981,4475,8,8,8
982,6898,2,2,2
983,4588,9,9,9
984,1832,9,9,9
985,4779,3,3,3
986,3605,10,10,10
987,5540,4,4,4
988,2211,10,10,10
989,251,10,10,10
990,506,9,9,9
991,2268,3,3,3
992,8830,9,9,9
993,4070,2,2,2
994,8106,9,9,9
995,2110,9,10,10
996,3047,10,10,10
997,1959,9,9,9
998,853,9,9,9
999,7779,10,10,10
1000,9909,8,8,8
1001,6102,3,8,7
1002,9055,9,9,9
1003,5917,8,8,8
1004,7893,7,7,7
1005,729,8,8,8
1006,4775,10,9,10
1007,6412,7,7,7
1008,1085,4,4,4
1009,7767,10,10,10
1010,5575,2,2,2
1011,2601,10,10,10
1012,6324,9,9,8
1013,9318,8,8,8
1014,10069,8,8,8
1015,10314,7,7,7
1016,4742,9,9,9
1017,5713,9,9,9
1018,10171,10,10,10
1019,5637,9,9,9
1020,877,3,3,3
1021,9600,7,7,7
1022,8807,10,9,9
1023,2536,9,9,9
1024,4611,7,7,7
1025,4209,9,9,9
1026,8519,4,4,4
1027,9764,9,9,9
1028,8819,9,10,9
1029,8368,10,10,10
1030,7034,7,7,7
1031,1416,7,7,7
1032,8225,10,10,10
1033,1112,9,9,9
1034,8009,9,9,10
1035,2457,10,10,10
1036,3817,7,7,7
1037,2899,4,4,4
1038,4090,10,10,9
1039,7646,10,10,10
1040,10595,9,9,9
1041,927,9,9,9
1042,3431,2,2,2
1043,2519,9,10,10
1044,3575,10,10,10
1045,6269,2,2,2
1046,2495,10,10,10
1047,731,9,9,9
1048,6294,9,9,9
1049,1887,9,9,9
1050,2941,10,10,10
1051,4087,4,4,4
1052,3826,10,10,10
1053,4924,9,9,9
1054,722,9,9,9
1055,9582,10,10,10
1056,6710,10,10,10
1057,3245,10,10,9
1058,98,10,10,9
1059,8295,9,9,9
1060,6352,4,4,4
1061,1068,9,9,9
1062,3398,9,9,9
1063,7963,8,8,8
1064,6670,9,9,9
1065,7313,9,9,9
1066,5998,9,9,9
1067,7239,9,9,4
1068,6283,2,2,2
1069,2738,8,8,8
1070,582,4,4,4
1071,7466,10,10,9
1072,2111,9,9,9
1073,2008,10,10,10
1074,69,10,10,10
1075,1572,7,7,4
1076,8686,4,4,4
1077,6065,9,9,9
1078,7567,9,9,9
1079,7998,9,9,9
1080,10524,9,9,9
1081,5296,7,7,7
1082,7077,9,9,9
1083,10320,7,7,7
1084,4140,4,4,4
1085,2240,8,8,8
1086,9321,10,10,10
1087,1100,9,9,9
1088,9895,4,7,7
1089,4008,2,2,2
1090,4487,2,2,2
1091,7818,9,9,9
1092,3059,9,9,9
1093,1668,2,2,2
1094,6917,4,4,4
1095,1726,4,4,4
1096,5219,10,10,10
1097,1538,8,8,8
1098,6198,10,10,10
1099,8046,10,10,10
1100,8884,2,2,2
1101,6947,9,9,9
1102,6127,4,4,4
1103,2865,4,4,4
1104,8761,9,9,9
1105,7196,9,9,9
1106,6724,10,10,10
1107,177,2,2,2
1108,5748,8,8,8
1109,5374,9,9,10
1110,3502,10,10,10
1111,3895,8,8,8
1112,8757,2,2,2
1113,9989,4,4,4
1114,5670,9,9,9
1115,1410,10,10,10
1116,2442,10,10,9
1117,10183,9,10,9
1118,1882,2,2,2
1119,573,10,10,10
1120,3427,4,4,4
1121,9449,4,4,4
1122,8690,4,4,4
1123,2401,9,9,9
1124,207,10,10,10
1125,7422,4,4,4
1126,10317,9,9,9
1127,7987,10,10,10
1128,10322,2,2,2
1129,7108,9,9,9
1130,2277,7,7,7
1131,5304,10,10,10
1132,8437,2,2,2
1133,5980,9,9,9
1134,3914,4,4,4
1135,6558,9,9,9
1136,5014,10,10,10
1137,2508,2,2,2
1138,7396,10,10,10
1139,32,10,10,10
1140,10623,10,10,10
1141,10300,8,10,9
1142,8424,10,10,10
1143,8039,9,9,10
1144,1221,9,9,9
1145,7033,7,7,7
1146,7925,9,10,10
1147,5581,10,10,10
1148,9281,4,4,4
1149,1595,3,3,3
1150,8217,9,9,9
1151,7880,10,10,8
1152,1624,8,8,8
1153,10140,9,9,9
1154,3821,2,2,2
1155,9605,8,8,8
1156,1051,3,3,3
1157,7151,10,10,10
1158,7783,2,2,2
1159,5141,2,2,2
1160,421,10,10,10
1161,6604,8,8,8
1162,7575,10,10,10
1163,10202,7,7,7
1164,2368,4,4,4
1165,5522,10,10,10
1166,5028,9,9,9
1167,2615,8,8,8
1168,7457,7,7,7
1169,7621,10,10,10
1170,9669,10,10,9
1171,615,9,9,9
1172,2503,9,9,9
1173,2446,10,10,10
1174,112,9,9,9
1175,9393,2,2,2
1176,4085,10,9,10
1177,1074,7,7,7
1178,2218,9,9,9
1179,572,9,9,9
1180,5105,8,8,8
1181,1800,8,8,8
1182,5022,8,8,8
1183,1655,7,7,7
1184,779,4,4,4
1185,1573,9,10,10
1186,7709,10,10,10
1187,9127,7,7,7
1188,6723,2,2,2
1189,4605,10,10,10
1190,9630,7,7,7
1191,7828,2,2,2
1192,231,9,9,9
1193,2400,10,10,10
1194,6774,10,10,10
1195,9375,9,9,9
1196,5621,10,9,10
1197,2833,2,2,2
1198,5086,4,4,4
1199,2568,2,2,2
1200,9812,7,7,7
1201,3060,2,2,2
1202,3380,9,9,9
1203,2828,10,10,9
1204,1159,2,2,2
1205,9037,7,7,7
1206,6019,2,2,2
1207,1630,9,9,9
1208,9944,4,4,4
1209,3364,10,10,10
1210,4235,8,8,8
1211,1297,8,8,8
1212,8550,7,7,7
1213,4569,8,8,8
1214,8511,10,10,10
1215,160,10,10,10
1216,8066,10,10,8
1217,7299,10,9,9
1218,3684,4,4,4
1219,9730,9,9,9
1220,8448,10,10,10
1221,1890,4,4,4
1222,4190,10,10,10
1223,10109,10,10,10
1224,5932,9,9,9
1225,4466,9,9,9
1226,6977,9,9,9
1227,5478,7,7,7
1228,513,10,10,10
1229,8915,10,10,10
1230,8887,2,2,2
1231,6564,3,4,4
1232,8953,4,4,4
1233,8001,10,10,10
1234,5054,4,4,4
1235,3013,10,10,10
1236,5320,9,9,9
1237,6240,2,2,2
1238,3226,7,4,4
1239,7534,4,4,4
1240,6798,4,4,4
1241,1958,9,9,9
1242,7348,4,4,9
1243,5603,9,9,9
1244,7681,10,10,10
1245,3741,10,10,10
1246,7051,8,8,8
1247,2570,10,10,10
1248,8636,10,10,10
1249,3400,9,9,9
1250,2868,10,10,10
1251,7521,10,10,10
1252,7600,9,10,9
1253,10118,8,8,8
1254,7759,10,10,10
1255,5166,9,9,9
1256,7223,2,2,2
1257,9969,2,2,2
1258,10048,9,9,9
1259,7354,10,10,10
1260,5700,9,9,9
1261,6071,9,9,9
1262,3420,9,9,10
1263,9759,10,10,10
1264,443,10,10,10
1265,7586,3,3,3
1266,1075,2,2,2
1267,1627,9,9,9
1268,9485,10,10,10
1269,5902,9,9,9
1270,9148,10,10,10
1271,9935,8,8,8
1272,8854,9,9,9
1273,8088,2,2,2
1274,10219,10,10,10
1275,1032,9,9,9
1276,18,10,10,10
1277,2890,10,10,10
1278,9661,7,7,7
1279,4965,10,10,10
1280,10572,10,10,10
1281,6954,8,10,8
1282,9361,9,9,9
1283,2751,9,9,9
1284,1699,9,10,10
1285,174,4,4,4
1286,8122,4,4,4
1287,7066,2,2,2
1288,1775,10,10,10
1289,181,10,10,10
1290,3100,9,9,9
1291,10389,10,10,9
1292,422,4,4,4
1293,7916,9,9,9
1294,4187,10,10,10
1295,262,10,10,10
1296,9185,9,9,9
1297,9655,2,2,2
1298,3271,9,9,9
1299,6339,8,8,8
1300,6503,9,9,9
1301,8172,3,8,3
1302,3916,10,10,9
1303,7274,7,7,7
1304,3617,9,9,9
1305,3492,9,9,9
1306,8657,2,2,2
1307,7720,4,4,4
1308,9551,8,10,10
1309,2112,10,10,10
1310,3236,10,10,10
1311,1829,4,4,4
1312,2834,7,7,7
1313,3160,10,10,10
1314,2462,9,9,9
1315,1157,2,2,2
1316,8450,10,10,10
1317,9800,10,10,10
1318,6637,4,4,4
1319,5683,7,7,7
1320,9925,2,2,2
1321,4580,9,9,9
1322,2759,2,2,2
1323,10327,10,10,10
1324,1446,10,10,9
1325,3918,2,2,2
1326,7331,4,4,4
1327,4708,2,2,2
1328,6406,10,10,10
1329,5200,8,8,8
1330,2879,7,7,7
1331,3438,2,2,2
1332,3956,8,8,8
1333,9818,9,9,9
1334,8812,4,4,4
1335,5482,9,9,9
1336,9975,9,9,9
1337,2015,2,2,2
1338,3711,2,2,2
1339,4909,10,10,10
1340,2303,9,9,9
1341,9245,9,9,9
1342,6181,10,10,10
1343,9134,9,9,9
1344,5750,9,9,9
1345,10210,4,4,4
1346,7926,3,7,7
1347,2753,10,10,10
1348,5198,9,9,9
1349,9660,7,7,7
1350,1680,9,9,9
1351,8166,9,9,9
1352,4104,10,10,10
1353,3176,10,10,10
1354,6252,4,4,4
1355,10099,7,7,7
1356,2344,9,9,9
1357,4044,2,2,2
1358,9729,2,2,2
1359,6598,8,8,8
1360,1206,9,9,9
1361,10303,10,10,9
1362,3640,10,10,10
1363,2827,9,9,9
1364,7980,10,10,10
1365,1732,10,10,10
1366,4649,8,8,8
1367,1980,2,2,2
1368,3713,10,10,10
1369,1690,2,2,2
1370,9298,7,7,7
1371,10467,10,10,10
1372,9860,8,8,8
1373,6907,10,10,9
1374,3848,7,7,7
1375,6104,9,9,9
1376,8933,10,10,10
1377,9214,9,10,10
1378,7031,10,10,10
1379,682,9,9,9
1380,5794,2,2,2
1381,6158,4,4,4
1382,2725,10,10,10
1383,1597,9,10,10
1384,2814,7,7,7
1385,5005,4,4,4
1386,7212,9,9,9
1387,1012,4,4,4
1388,8783,4,7,7
1389,4455,8,8,8
1390,9826,10,10,10
1391,7050,10,10,10
1392,2076,9,9,10
1393,8376,10,10,10
1394,6223,2,2,2
1395,744,3,3,3
1396,1761,9,9,9
1397,6152,9,9,9
1398,1146,9,9,9
1399,2070,3,3,3
1400,10106,9,9,9
1401,10350,2,2,2
1402,1201,4,4,4
1403,9365,4,4,4
1404,5812,8,8,8
1405,4316,10,10,10
1406,3558,9,9,9
1407,1512,9,9,9
1408,5855,4,4,4
1409,5964,7,7,7
1410,340,10,10,10
1411,6168,8,8,8
1412,2761,2,2,2
1413,4677,2,2,2
1414,1109,9,9,9
1415,2244,2,2,2
1416,6016,4,4,4
1417,4116,9,9,9
1418,3152,10,9,9
1419,9377,10,10,10
1420,6678,10,10,10
1421,2057,7,7,7
1422,6360,10,10,10
1423,2358,10,10,10
1424,7453,10,9,9
1425,9469,10,10,10
1426,7238,8,8,8
1427,7468,9,9,9
1428,8240,7,7,7
1429,4554,2,2,2
1430,3730,4,4,3
1431,6139,9,9,9
1432,426,7,7,7
1433,1897,9,10,10
1434,1200,4,4,4
1435,2790,4,4,4
1436,6831,2,2,2
1437,8879,4,4,4
1438,9593,10,10,10
1439,5979,2,2,2
1440,3993,2,2,2
1441,7052,2,2,2
1442,8474,9,10,10
1443,677,4,4,4
1444,5412,10,10,10
1445,5580,10,10,10
1446,5187,10,10,10
1447,6869,7,7,7
1448,10312,9,10,10
1449,6509,9,9,9
1450,5155,9,9,9
1451,2822,10,10,10
1452,2951,2,2,2
1453,2126,2,2,2
1454,6045,10,10,9
1455,6732,9,10,9
1456,7206,9,9,9
1457,7281,9,9,9
1458,4250,2,2,2
1459,3295,4,4,7
1460,5541,9,9,9
1461,5593,9,10,10
1462,5038,9,9,10
1463,3302,4,4,4
1464,8528,9,9,9
1465,9329,2,2,2
1466,2159,9,10,9
1467,4512,10,10,10
1468,9183,9,9,9
1469,7280,7,7,7
1470,7117,9,9,9
1471,2162,10,10,10
1472,10564,10,10,10
1473,9898,9,9,10
1474,9071,9,9,9
1475,4164,8,8,8
1476,6963,9,9,9
1477,7801,8,8,8
1478,3832,9,9,9
1479,5601,4,4,7
1480,10481,9,9,9
1481,9312,9,9,9
1482,7592,8,8,8
1483,3843,10,10,10
1484,6674,9,9,9
1485,10452,10,10,10
1486,2421,4,4,3
1487,10366,9,9,9
1488,1828,7,7,3
1489,9708,2,2,2
1490,9665,9,9,9
1491,9290,9,9,9
1492,1815,10,10,10
1493,1861,2,2,2
1494,1579,9,9,9
1495,2351,10,10,10
1496,6681,10,10,10
1497,7186,9,9,9
1498,8082,9,10,9
1499,5781,10,10,10
1500,5579,4,4,4
1501,165,2,2,2
1502,2931,10,10,9
1503,7152,9,9,9
1504,4473,9,9,9
1505,7216,2,2,2
1506,5904,9,9,9
1507,5846,4,4,3
1508,785,2,2,2
1509,3896,4,4,4
1510,9488,9,9,9
1511,1780,10,10,10
1512,10354,10,10,10
1513,395,2,2,2
1514,9541,7,7,7
1515,1498,9,9,9
1516,2055,9,9,9
1517,8347,9,9,9
1518,3706,9,9,9
1519,7320,10,10,10
1520,3938,9,9,9
1521,10596,2,2,2
1522,1871,9,9,9
1523,4133,9,9,9
1524,5779,10,10,10
1525,10416,9,9,9
1526,1779,2,2,2
1527,8188,10,10,10
1528,7594,10,10,10
1529,6464,10,10,10
1530,4985,2,2,2
1531,8533,10,10,10
1532,1927,10,10,10
1533,807,2,2,2
1534,8582,10,10,9
1535,7048,9,9,9
1536,1544,2,2,2
1537,109,7,7,7
1538,7793,10,10,10
1539,8004,9,9,2
1540,4757,4,4,4
1541,30,7,7,7
1542,8898,2,2,2
1543,304,9,9,9
1544,6376,4,4,7
1545,5879,4,4,4
1546,9564,9,9,9
1547,7087,9,9,9
1548,2750,9,9,9
1549,1276,10,10,10
1550,8677,2,2,2
1551,8542,9,9,9
1552,3806,9,9,9
1553,10451,10,10,10
1554,9425,4,4,4
1555,6279,9,9,9
1556,1274,9,9,9
1557,1480,9,9,4
1558,9453,9,9,9
1559,4998,8,8,8
1560,6886,10,10,10
1561,2967,10,10,10
1562,2160,9,9,9
1563,9738,2,2,2
1564,9998,9,9,9
1565,1186,7,7,7
1566,8760,2,2,2
1567,9702,10,10,10
1568,5245,4,4,4
1569,1197,10,10,10
1570,1856,10,10,10
1571,7843,4,4,4
1572,6631,9,9,9
1573,10446,9,9,9
1574,9735,10,10,9
1575,4464,8,8,8
1576,4823,2,2,2
1577,7644,7,7,7
1578,4127,4,4,4
1579,4256,9,9,9
1580,2263,10,10,10
1581,7921,10,10,10
1582,1884,10,10,10
1583,986,9,9,10
1584,5399,4,4,4
1585,381,10,10,10
1586,1122,7,7,7
1587,8863,8,8,8
1588,998,10,10,10
1589,1683,7,7,7
1590,3620,10,10,10
1591,8285,2,2,2
1592,6964,9,9,9
1593,4947,10,10,10
1594,10440,4,4,4
1595,5172,9,9,9
1596,637,9,9,9
1597,1739,7,7,7
1598,7912,10,10,10
1599,9838,10,10,10
1600,2728,10,10,10
1601,2600,2,2,2
1602,721,2,2,2
1603,4130,9,9,9
1604,1654,10,10,8
1605,7909,10,10,10
1606,5024,9,9,9
1607,4897,10,10,10
1608,950,10,10,10
1609,8886,2,2,2
1610,10552,10,10,9
1611,1986,7,7,7
1612,3853,8,8,8
1613,7412,10,10,10
1614,2086,9,10,10
1615,8044,9,9,9
1616,602,9,10,10
1617,681,10,10,10
1618,8947,4,4,4
1619,1675,10,10,10
1620,3119,9,9,9
1621,10438,9,9,9
1622,7024,10,10,10
1623,2327,9,9,9
1624,7825,8,8,8
1625,8143,10,10,9
1626,5465,4,4,4
1627,405,9,9,9
1628,3189,10,9,9
1629,6646,9,9,9
1630,7868,7,4,4
1631,1845,9,9,9
1632,10431,4,4,4
1633,8590,10,10,10
1634,2092,2,2,2
1635,4325,4,7,4
1636,1373,8,8,8
1637,2168,10,10,10
1638,2792,2,2,2
1639,9382,8,8,8
1640,3931,10,10,10
1641,2815,9,9,9
1642,6726,4,4,4
1643,3851,8,8,8
1644,6236,10,10,9
1645,627,8,8,8
1646,4170,2,2,2
1647,4615,10,9,10
1648,1728,4,4,4
1649,7904,10,10,10
1650,7890,9,9,9
1651,9814,10,10,10
1652,2309,10,10,10
1653,2583,2,2,2
1654,1328,2,2,2
1655,3131,9,9,9
1656,4987,4,4,4
1657,260,10,9,9
1658,9176,8,8,8
1659,9505,9,9,9
1660,9168,3,3,3
1661,437,7,7,7
1662,959,4,4,4
1663,8796,4,4,4
1664,6497,10,10,10
1665,7962,2,2,2
1666,3716,8,8,8
1667,3698,8,8,8
1668,10137,9,9,9
1669,4760,10,10,8
1670,6554,7,7,7
1671,2567,3,3,3
1672,6889,7,7,7
1673,499,10,10,10
1674,4301,9,9,9
1675,2228,8,8,8
1676,6030,9,9,10
1677,8021,4,4,4
1678,9722,8,8,8
1679,8296,2,2,2
1680,1215,10,10,9
1681,6823,4,4,4
1682,2016,4,4,4
1683,6625,7,7,7
1684,6327,7,7,7
1685,4146,9,9,9
1686,2880,9,9,9
1687,7022,10,9,10
1688,6837,10,10,10
1689,2377,9,10,10
1690,583,10,10,10
1691,9707,9,9,9
1692,5058,10,10,10
1693,4520,10,10,10
1694,4362,10,10,10
1695,8138,9,9,9
1696,5119,9,9,9
1697,5688,2,2,2
1698,9951,7,7,7
1699,6605,9,10,9
1700,6407,9,9,9
1701,370,4,4,4
1702,3506,2,2,2
1703,8234,2,2,2
1704,9547,7,7,7
1705,10038,9,10,9
1706,5019,10,10,10
1707,5208,9,9,9
1708,3616,7,7,7
1709,1247,2,2,2
1710,8825,3,3,3
1711,2754,10,10,10
1712,5040,9,9,9
1713,9079,9,9,9
1714,5375,9,9,9
1715,3555,10,10,10
1716,6183,10,10,10
1717,2122,4,4,4
1718,2572,2,2,2
1719,10437,4,4,4
1720,9773,2,2,2
1721,5370,7,7,7
1722,3652,9,9,9
1723,2685,4,4,4
1724,9331,4,4,4
1725,8087,7,7,7
1726,114,10,10,10
1727,5578,9,9,9
1728,5165,4,4,4
1729,4302,9,9,9
1730,2072,10,10,10
1731,4341,2,2,2
1732,2104,2,2,2
1733,10610,4,4,4
1734,10462,7,7,7
1735,4075,4,4,4
1736,9050,4,4,7
1737,7899,8,8,8
1738,9751,9,9,9
1739,4370,9,9,9
1740,1156,9,9,9
1741,4890,10,10,10
1742,4711,7,7,7
1743,2950,4,4,4
1744,7821,10,10,10
1745,10214,9,9,9
1746,2996,8,8,8
1747,2578,4,4,4
1748,4826,9,9,9
1749,6566,4,4,3
1750,2971,2,2,2
1751,675,10,10,10
1752,6561,7,7,7
1753,240,10,10,10
1754,4117,9,10,10
1755,1080,10,10,10
1756,6704,7,7,7
1757,10519,9,9,9
1758,9671,9,9,9
1759,9006,10,10,10
1760,2299,4,4,4
1761,7268,10,10,9
1762,8510,7,7,7
1763,1028,2,2,2
1764,3790,2,2,2
1765,2058,9,9,9
1766,8587,8,8,8
1767,8864,2,2,2
1768,5112,9,9,9
1769,9819,10,10,10
1770,7638,2,2,2
1771,1969,8,8,8
1772,5393,4,4,4
1773,623,4,4,4
1774,9220,2,2,2
1775,3276,8,8,8
1776,9811,4,4,4
1777,4071,9,9,9
1778,4246,9,9,10
1779,7414,2,2,2
1780,5662,10,10,10
1781,3923,9,9,9
1782,6715,10,10,10
1783,1729,2,2,2
1784,4865,4,4,4
1785,10418,9,9,9
1786,10435,9,9,9
1787,5813,10,10,10
1788,1561,7,7,7
1789,7847,10,10,9
1790,3943,9,10,10
1791,4935,9,9,9
1792,9080,9,9,9
1793,8062,2,2,2
1794,2756,9,9,9
1795,638,2,2,2
1796,4646,9,9,9
1797,647,4,4,4
1798,226,9,9,9
1799,1614,9,9,9
1800,4351,10,10,10
1801,238,10,10,10
1802,9663,10,9,9
1803,463,8,8,8
1804,1082,8,8,8
1805,2472,10,10,10
1806,1033,10,10,10
1807,358,10,10,10
1808,1278,9,9,9
1809,9829,10,10,10
1810,541,2,2,2
1811,8581,10,10,9
1812,3668,10,10,10
1813,7754,10,9,10
1814,10265,7,7,7
1815,6064,7,7,7
1816,1838,2,2,2
1817,567,9,9,9
1818,9731,9,9,9
1819,7579,10,10,10
1820,2944,10,10,10
1821,684,9,10,10
1822,2436,2,2,2
1823,601,2,2,2
1824,2326,9,9,9
1825,7639,10,10,10
1826,5887,2,2,2
1827,10469,10,10,10
1828,2395,10,9,10
1829,3965,3,3,3
1830,3310,10,10,10
1831,6325,9,9,9
1832,6687,9,9,9
1833,10030,4,4,4
1834,3458,2,2,2
1835,4434,9,9,9
1836,8344,8,8,8
1837,4317,9,10,10
1838,1342,10,10,10
1839,7123,9,10,9
1840,5167,9,9,9
1841,3166,10,10,10
1842,8393,9,9,9
1843,4488,7,7,7
1844,2040,4,4,4
1845,1938,2,2,2
1846,2093,7,7,7
1847,8628,10,10,10
1848,1386,2,2,2
1849,4786,4,4,4
1850,3621,7,7,7
1851,412,9,9,9
1852,3968,8,8,8
1853,5053,10,10,10
1854,9099,9,9,9
1855,5280,10,9,10
1856,2482,10,10,10
1857,7943,10,10,9
1858,2258,10,10,10
1859,3439,10,10,10
1860,10057,7,4,7
1861,5449,2,2,2
1862,6426,2,2,2
1863,5765,4,4,4
1864,7394,10,9,9
1865,797,9,9,9
1866,2914,10,10,10
1867,7950,2,2,2
1868,4076,9,9,9
1869,7723,10,9,9
1870,5394,9,9,9
1871,3084,10,10,9
1872,3910,2,2,2
1873,7758,8,10,10
1874,2955,9,9,9
1875,6828,9,10,9
1876,1778,10,9,9
1877,9132,4,4,4
1878,1079,4,4,4
1879,9109,2,2,2
1880,3375,10,10,10
1881,2997,9,9,9
1882,10256,10,10,10
1883,4444,8,8,8
1884,1263,9,10,9
1885,5349,10,9,10
1886,6315,2,2,2
1887,6277,8,10,10
1888,8501,9,9,9
1889,4601,10,10,10
1890,5210,8,8,8
1891,8610,9,9,9
1892,2548,7,7,7
1893,9828,10,10,10
1894,3846,9,9,9
1895,10619,10,10,10
1896,6075,10,10,10
1897,1319,10,10,10
1898,5448,9,9,9
1899,6160,4,4,4
1900,3127,10,10,10
1901,8258,4,4,4
1902,4356,9,9,9
1903,7459,9,9,9
1904,9570,9,9,9
1905,8973,10,10,9
1906,5763,10,10,10
1907,3429,8,8,8
1908,4592,9,9,10
1909,8613,8,8,8
1910,55,4,4,4
1911,7679,7,7,7
1912,3105,10,9,9
1913,2359,8,8,8
1914,1759,10,10,9
1915,5661,9,9,9
1916,5976,9,10,10
1917,9247,2,2,2
1918,8893,9,9,9
1919,4453,10,10,10
1920,9948,10,10,10
1921,9816,9,9,9
1922,5894,10,10,10
1923,4764,9,9,9
1924,9962,4,4,4
1925,3861,10,10,10
1926,10081,2,2,2
1927,5438,4,4,4
1928,2646,9,9,9
1929,111,8,8,8
1930,10379,2,2,2
1931,3071,9,9,9
1932,6921,9,9,9
1933,801,10,10,10
1934,5023,9,9,9
1935,2504,2,2,2
1936,6472,8,8,8
1937,7092,10,10,10
1938,10112,10,10,10
1939,332,10,10,10
1940,6903,9,9,9
1941,7345,4,4,4
1942,8488,10,10,9
1943,3015,10,9,10
1944,1391,10,10,10
1945,1788,10,9,10
1946,4706,9,9,9
1947,6529,10,10,10
1948,3107,10,9,10
1949,9158,9,9,9
1950,3731,4,4,4
1951,8998,2,2,2
1952,7861,10,10,10
1953,2819,7,7,7
1954,10466,10,10,10
1955,9849,10,10,10
1956,2574,9,9,9
1957,4160,4,4,4
1958,6738,10,10,10
1959,1651,9,9,9
1960,979,9,9,9
1961,4563,10,10,10
1962,3313,9,9,10
1963,4886,9,9,9
1964,8351,9,9,9
1965,3765,10,10,10
1966,4063,8,8,8
1967,685,10,10,10
1968,8037,10,10,10
1969,7211,4,4,4
1970,2888,7,7,7
1971,5814,4,4,7
1972,4433,4,4,9
1973,8823,9,9,9
1974,7615,9,9,9
1975,1332,7,7,7
1976,4226,10,10,10
1977,8570,10,10,10
1978,3201,3,3,3
1979,77,9,9,9
1980,1857,9,9,9
1981,2980,9,9,9
1982,1710,10,10,10
1983,1182,9,9,10
1984,2242,4,4,4
1985,2238,4,9,4
1986,4457,9,9,9
1987,6469,10,10,10
1988,9020,3,3,3
1989,5321,9,9,9
1990,6787,8,10,9
1991,9508,10,10,10
1992,2190,2,2,2
1993,5871,9,9,9
1994,4300,7,7,7
1995,855,4,4,4
1996,842,10,9,10
1997,352,9,9,9
1998,10587,4,4,4
1999,228,9,9,9
2000,1693,9,9,9
2001,3882,2,2,2
2002,1383,8,8,8
2003,1783,4,4,4
2004,7141,2,2,2
2005,2532,10,10,10
2006,2439,9,9,9
2007,6446,2,2,2
2008,4887,4,4,4
2009,8652,10,10,10
2010,2871,9,9,10
2011,7463,10,10,10
2012,5204,10,10,10
2013,4754,8,8,8
2014,4166,9,9,9
2015,2428,10,10,10
2016,9844,4,4,4
2017,10637,3,3,3
2018,2829,4,4,4
2019,9356,2,2,2
2020,6858,10,10,10
2021,6036,9,9,9
2022,4976,10,10,10
2023,9182,4,4,4
2024,8111,4,4,4
2025,2381,9,9,9
2026,8279,9,9,9
2027,9947,2,2,2
2028,4396,10,10,10
2029,7569,10,10,10
2030,9291,2,2,2
2031,4177,9,9,9
2032,3120,9,9,9
2033,4078,10,10,10
2034,794,9,9,9
2035,347,9,10,10
2036,2569,2,2,2
2037,2560,2,2,2
2038,2599,2,2,2
2039,9105,10,10,10
2040,2034,2,2,2
2041,9486,4,7,7
2042,6665,10,10,10
2043,4105,8,8,8
2044,4414,10,10,10
2045,4288,10,10,10
2046,8916,9,9,9
2047,7951,10,10,10
2048,163,4,4,4
2049,4838,10,10,10
2050,10095,10,10,10
2051,8345,9,9,9
2052,9089,4,4,4
2053,6965,4,4,9
2054,9719,10,10,10
2055,4426,9,9,9
2056,3436,4,4,4
2057,688,4,4,4
2058,2640,10,10,10
2059,7131,9,9,9
2060,8341,4,4,4
2061,9277,7,7,7
2062,2605,4,4,4
2063,552,9,9,9
2064,1532,9,9,9
2065,7221,10,10,10
2066,9628,10,10,10
2067,1796,10,10,10
2068,9344,10,10,10
2069,3737,9,9,9
2070,3070,4,4,4
2071,8134,10,10,10
2072,4354,2,2,2
2073,7606,10,10,10
2074,9207,9,9,9
2075,3934,9,9,9
2076,7321,4,4,4
2077,1303,2,2,2
2078,8340,2,2,2
2079,166,10,10,10
2080,5557,2,2,2
2081,2117,9,9,10
2082,1367,4,4,4
2083,4227,2,2,2
2084,9557,2,2,2
2085,3142,10,10,10
2086,847,2,2,2
2087,2065,4,4,4
2088,153,10,10,10
2089,233,8,8,8
2090,4261,7,4,4
2091,4857,10,10,10
2092,5211,10,10,10
2093,2982,2,2,2
2094,5216,10,10,10
2095,2723,9,9,9
2096,9349,4,4,4
2097,57,9,9,9
2098,380,2,2,2
2099,6989,2,2,2
2100,4017,10,10,10
2101,3103,2,2,2
2102,10459,2,2,2
2103,96,9,9,9
2104,2320,10,10,10
2105,10246,2,2,2
2106,2275,9,9,9
2107,6305,9,9,9
2108,1286,8,8,8
2109,9157,7,7,7
2110,8751,10,10,10
2111,6621,10,10,10
2112,8740,9,9,9
2113,1966,10,9,9
2114,5030,10,10,10
2115,10553,9,9,9
2116,143,4,4,4
2117,5441,4,4,4
2118,360,9,9,9
2119,1115,4,9,4
2120,448,10,10,10
2121,8081,10,10,10
2122,5421,9,9,9
2123,7309,7,7,7
2124,8286,10,10,10
2125,7938,4,4,4
2126,5547,10,10,10
2127,8609,7,7,7
2128,3989,10,10,10
2129,8309,7,7,4
2130,1740,9,9,9
2131,8975,7,7,7
2132,7204,10,10,10
2133,7887,7,7,7
2134,5891,10,10,10
2135,1784,8,8,8
2136,1782,9,9,9
2137,7654,4,4,4
2138,1931,4,4,4
2139,766,10,10,9
2140,4806,9,9,9
2141,2029,8,8,8
2142,5994,4,4,4
2143,3770,9,9,9
2144,4245,9,9,9
2145,6600,8,8,8
2146,4193,9,9,9
2147,4441,10,10,10
2148,10579,10,10,10
2149,4237,7,7,7
2150,6653,4,4,4
2151,4863,9,10,9
2152,2197,9,10,9
2153,5937,4,4,4
2154,3173,10,10,10
2155,4125,10,10,10
2156,7178,7,7,7
2157,5531,9,9,9
2158,6808,9,9,9
2159,6854,10,10,10
2160,3399,2,2,2
2161,3740,8,8,3
2162,9950,10,10,10
2163,4077,7,7,7
2164,9796,4,4,4
2165,1923,2,2,2
2166,6707,9,9,9
2167,2688,9,9,9
2168,5795,9,9,9
2169,5440,4,4,4
2170,837,4,4,4
2171,7136,10,10,10
2172,9698,10,10,10
2173,6792,10,10,10
2174,10234,2,2,2
2175,5510,4,4,4
2176,4327,10,10,10
2177,5995,4,4,4
2178,6824,4,4,8
2179,4817,8,8,8
2180,6375,10,10,10
2181,6788,10,10,9
2182,3004,8,8,8
2183,6692,4,4,4
2184,1900,10,10,10
2185,5257,10,10,10
2186,6167,10,10,10
2187,2598,7,7,7
2188,1510,2,2,2
2189,9865,9,9,9
2190,4837,10,10,10
2191,1420,4,4,4
2192,5437,9,9,9
2193,1205,7,7,7
2194,9569,9,9,9
2195,8311,4,4,4
2196,1052,4,4,4
2197,9468,9,9,9
2198,5655,4,4,4
2199,10571,4,4,4
2200,6891,10,10,10
2201,3149,2,2,2
2202,10330,3,3,3
2203,3758,2,2,2
2204,652,4,4,4
2205,5423,10,10,10
2206,5758,4,4,4
2207,6274,9,9,9
2208,3545,4,4,4
2209,6780,9,9,9
2210,7187,4,4,4
2211,453,4,4,4
2212,1687,2,2,2
2213,8170,10,10,10
2214,5135,10,10,10
2215,5699,2,2,2
2216,2001,8,8,8
2217,419,9,9,9
2218,1648,9,9,9
2219,10636,9,9,9
2220,1462,2,2,2
2221,10368,4,4,4
2222,5925,9,10,10
2223,6527,2,2,2
2224,5669,10,10,10
2225,8867,10,10,10
2226,3812,9,9,9
2227,10630,9,9,9
2228,9114,2,2,2
2229,9374,3,3,3
2230,2042,9,9,9
2231,7516,3,3,3
2232,2831,10,10,10
2233,1765,10,9,9
2234,5724,2,2,2
2235,5868,10,10,10
2236,5427,10,10,10
2237,6205,10,10,10
2238,8769,10,9,9
2239,7334,9,9,9
2240,10641,7,7,7
2241,8028,2,2,2
2242,7598,4,4,4
2243,9208,10,10,10
2244,85,2,2,2
2245,2946,4,4,4
2246,550,4,4,4
2247,1152,2,2,2
2248,6524,4,4,4
2249,8598,2,2,2
2250,9199,10,10,10
2251,1323,10,10,10
2252,8317,4,4,4
2253,1833,3,3,3
2254,4219,10,10,10
2255,905,4,4,4
2256,7100,2,2,2
2257,9420,8,8,8
2258,7823,9,9,9
2259,1058,2,2,2
2260,808,8,8,8
2261,9500,10,9,9
2262,10083,2,2,2
2263,1988,10,10,10
2264,4644,2,2,2
2265,3979,7,7,7
2266,6789,2,2,2
2267,9016,9,9,9
2268,8495,9,9,9
2269,7260,9,9,9
2270,4006,2,2,2
2271,8605,9,10,10
2272,1994,7,7,7
2273,1239,8,8,8
2274,3381,8,8,8
2275,8985,9,9,9
2276,7658,2,2,2
2277,8383,10,10,10
2278,8265,10,10,10
2279,598,10,10,10
2280,8313,7,7,7
2281,9929,9,9,9
2282,8768,9,9,9
2283,7517,10,10,10
2284,2617,9,10,9
2285,6656,10,10,10
2286,38,10,10,10
2287,7285,9,9,9
2288,9601,9,9,9
2289,1547,9,10,10
2290,4429,7,7,7
2291,4529,9,9,9
2292,10110,2,2,2
2293,1754,8,8,8
2294,7148,2,2,2
2295,5230,9,9,9
2296,7336,9,9,9
2297,8178,9,9,9
2298,6318,9,9,9
2299,9879,10,10,10
2300,5065,9,9,9
2301,4933,9,9,9
2302,1265,9,10,9
2303,7003,9,9,9
2304,5101,2,2,2
2305,9019,9,9,9
2306,2693,10,10,10
2307,8200,10,10,10
2308,3409,10,10,10
2309,348,7,7,7
2310,5404,10,10,10
2311,1697,10,10,10
2312,2354,9,9,10
2313,835,2,2,2
2314,4394,9,9,10
2315,5481,9,9,10
2316,4401,9,9,9
2317,897,9,9,9
2318,3541,9,9,10
2319,8484,10,10,10
2320,6048,2,2,2
2321,1238,4,4,4
2322,1061,10,9,9
2323,1885,10,10,10
2324,4690,9,9,9
2325,768,2,2,2
2326,3538,4,4,4
2327,2067,2,2,2
2328,9304,10,10,10
2329,3448,10,10,10
2330,5701,7,7,7
2331,9597,7,7,7
2332,7734,8,8,8
2333,8222,10,10,10
2334,8729,9,9,9
2335,1898,10,10,10
2336,690,10,10,10
2337,4295,9,9,9
2338,1584,10,10,10
2339,4023,9,9,9
2340,8741,9,10,10
2341,9170,2,2,2
2342,543,2,2,2
2343,1628,4,9,9
2344,2641,8,8,8
2345,8059,9,9,9
2346,71,8,8,8
2347,1618,9,9,9
2348,6069,4,4,4
2349,9648,10,10,9
2350,3630,2,2,2
2351,5278,9,9,9
2352,5017,7,7,4
2353,640,2,2,2
2354,137,7,4,4
2355,9179,4,4,4
2356,3066,9,9,9
2357,1451,10,10,10
2358,3180,2,2,2
2359,4108,9,9,9
2360,5629,2,2,2
2361,5790,10,10,10
2362,10526,10,10,10
2363,2884,9,9,9
2364,10306,2,2,2
2365,4694,10,10,10
2366,1106,9,9,9
2367,2136,10,10,10
2368,7027,10,10,10
2369,9429,10,10,10
2370,848,10,10,10
2371,5242,4,7,4
2372,7593,2,2,2
2373,5268,10,10,10
2374,3842,10,10,10
2375,3378,8,8,8
2376,7525,9,9,9
2377,8236,9,9,9
2378,1641,10,10,10
2379,274,2,2,2
2380,1126,8,8,9
2381,4083,7,7,7
2382,3265,9,9,9
2383,7436,9,9,9
2384,2937,9,9,9
2385,3184,2,2,2
2386,2832,10,10,9
2387,1014,9,10,10
2388,1550,9,10,10
2389,1771,10,10,10
2390,10549,8,8,8
2391,9985,4,4,4
2392,2768,9,10,10
2393,5780,2,2,2
2394,6728,9,9,9
2395,7661,10,10,10
2396,7714,8,8,8
2397,6188,10,9,10
2398,1558,9,9,9
2399,10286,9,9,9
2400,8583,10,10,10
2401,8095,10,10,10
2402,9524,3,7,4
2403,8411,9,9,9
2404,7344,8,8,8
2405,3342,4,4,4
2406,8996,2,2,2
2407,4067,4,4,4
2408,206,10,8,10
2409,977,10,10,10
2410,5782,4,4,4
2411,7769,4,4,4
2412,403,9,9,9
2413,7116,7,7,7
2414,3033,10,10,10
2415,6786,2,2,2
2416,8091,2,2,2
2417,3530,10,10,10
2418,3213,9,9,9
2419,2621,9,9,9
2420,4384,10,10,10
2421,4572,10,10,10
2422,12,10,10,10
2423,5966,9,9,9
2424,1236,9,9,9
2425,2407,10,10,10
2426,3818,7,7,7
2427,8906,10,10,9
2428,4511,9,10,9
2429,5456,7,7,3
2430,5838,9,9,9
2431,3253,10,10,10
2432,6645,2,2,2
2433,7578,9,9,9
2434,7500,10,10,10
2435,2063,8,8,8
2436,551,2,2,2
2437,3294,10,10,10
2438,7627,10,10,10
2439,1226,9,9,9
2440,10590,9,9,9
2441,952,10,10,10
2442,6032,8,8,8
2443,1131,9,10,9
2444,9348,10,10,9
2445,3933,2,2,2
2446,7668,2,2,2
2447,6393,10,10,10
2448,7317,3,3,3
2449,6744,10,10,10
2450,467,10,10,10
2451,8093,7,7,7
2452,6575,10,10,10
2453,9443,2,2,2
2454,1792,7,7,4
2455,2156,10,10,10
2456,1676,9,9,9
2457,9439,9,9,9
2458,2048,9,9,9
2459,9032,10,10,10
2460,3529,10,10,10
2461,5186,10,10,10
2462,6684,9,9,9
2463,2233,4,4,4
2464,4314,9,9,9
2465,6955,2,2,2
2466,7735,10,10,10
2467,4856,7,7,7
2468,9268,4,9,4
2469,3499,10,9,9
2470,7855,10,9,9
2471,3952,10,10,10
2472,7558,9,9,9
2473,5988,9,9,9
2474,1617,2,2,2
2475,3736,2,2,2
2476,9493,9,9,9
2477,1421,10,10,10
2478,8851,2,2,2
2479,482,10,10,10
2480,3743,8,8,8
2481,3732,7,4,4
2482,3303,10,10,10
2483,1289,10,10,10
2484,5605,10,10,10
2485,1161,2,2,2
2486,2874,9,9,10
2487,9300,10,10,10
2488,6208,9,9,9
2489,5626,9,10,10
2490,10111,10,10,10
2491,1575,4,4,4
2492,9803,9,9,9
2493,4908,10,10,10
2494,5388,9,9,9
2495,4007,10,10,10
2496,7493,10,10,9
2497,3367,10,10,10
2498,7542,10,10,10
2499,2849,9,9,9
2500,10272,2,2,2
2501,8989,9,9,9
2502,172,9,9,9
2503,9608,2,2,2
2504,6244,2,2,2
2505,3312,2,2,2
2506,7924,9,9,9
2507,5993,9,9,9
2508,9001,4,4,4
2509,6593,9,9,9
2510,8115,10,10,10
2511,6295,10,10,10
2512,7177,10,10,10
2513,7191,2,2,2
2514,1559,9,9,9
2515,1523,10,10,10
2516,3912,10,10,10
2517,3061,10,10,10
2518,8696,10,10,10
2519,7096,2,2,2
2520,6923,9,9,9
2521,10429,10,10,10
2522,9961,9,9,9
2523,8506,10,10,10
2524,10412,10,10,10
2525,7781,9,9,9
2526,7170,9,9,10
2527,7611,2,2,2
2528,8372,9,9,9
2529,8831,4,4,4
2530,4824,9,9,9
2531,1703,9,9,9
2532,5608,8,8,8
2533,4540,4,4,4
2534,3871,10,10,10
2535,6246,4,4,4
2536,4297,10,10,10
2537,6530,9,9,9
2538,2453,8,8,8
2539,4216,9,9,9
2540,6440,7,7,7
2541,4973,9,9,9
2542,9831,10,10,10
2543,4137,10,10,10
2544,8920,8,8,8
2545,5745,9,9,9
2546,6586,4,4,3
2547,10131,4,4,4
2548,10273,4,4,4
2549,2337,8,8,8
2550,281,8,8,8
2551,3255,2,2,2
2552,4056,10,10,10
2553,10257,4,7,7
2554,5418,4,4,4
2555,8721,2,2,2
2556,9322,2,2,2
2557,10185,7,7,7
2558,8089,9,9,9
2559,9807,3,3,3
2560,6578,4,4,4
2561,5298,10,10,10
2562,3754,10,10,10
2563,10454,4,4,4
2564,484,4,4,4
2565,8976,9,9,9
2566,1404,2,2,2
2567,2249,9,10,10
2568,9718,8,8,8
2569,2246,9,9,9
2570,9859,9,10,10
2571,6089,2,2,2
2572,9745,9,9,9
2573,2632,2,2,2
2574,9311,10,10,10
2575,679,8,8,8
2576,617,7,7,7
2577,3188,9,9,9
2578,7908,9,9,9
2579,5356,9,9,9
2580,4903,8,8,8
2581,6835,10,10,9
2582,147,10,10,10
2583,6330,9,10,9
2584,5853,4,4,4
2585,3068,9,9,9
2586,9351,7,7,7
2587,2476,9,9,9
2588,3366,10,10,9
2589,7672,10,10,10
2590,1942,10,10,10
2591,9122,3,4,3
2592,2056,10,10,10
2593,8704,8,10,8
2594,2455,8,8,8
2595,9186,9,9,9
2596,2317,10,10,9
2597,5341,2,2,2
2598,1436,10,10,9
2599,9701,9,10,10
2600,8183,9,9,10
2601,7149,7,7,7
2602,10603,8,8,8
2603,5667,7,7,7
2604,1541,2,2,2
2605,8274,9,9,9
2606,9523,9,9,9
2607,9602,9,9,9
2608,825,8,8,8
2609,3289,10,10,10
2610,6627,7,7,7
2611,1199,4,4,4
2612,9560,10,10,10
2613,5926,9,9,9
2614,9424,4,4,4
2615,6254,9,9,9
2616,1488,9,10,9
2617,6103,4,4,4
2618,5193,10,10,10
2619,3556,10,8,10
2620,82,9,9,9
2621,10563,7,7,7
2622,5653,9,9,9
2623,3355,9,9,9
2624,312,10,10,10
2625,7023,2,2,2
2626,6432,10,10,10
2627,6504,9,9,9
2628,10479,9,9,9
2629,8371,2,2,2
2630,5168,2,2,2
2631,9941,10,10,10
2632,3865,7,7,7
2633,1034,9,9,9
2634,2949,10,10,10
2635,3964,4,4,4
2636,7479,10,9,10
2637,2575,4,4,4
2638,4942,4,4,4
2639,1619,4,4,4
2640,6778,10,10,10
2641,3949,9,9,10
2642,8875,9,9,9
2643,7325,9,9,9
2644,2260,10,9,10
2645,4596,9,9,9
2646,3549,2,2,2
2647,3227,10,10,9
2648,4653,8,8,8
2649,1368,4,4,4
2650,3058,2,2,2
2651,1154,9,9,9
2652,2345,8,9,9
2653,500,9,9,9
2654,561,7,7,7
2655,6853,9,9,9
2656,9678,2,2,2
2657,4102,9,9,9
2658,2514,9,9,9
2659,8687,10,10,10
2660,5218,3,3,3
2661,3154,7,7,7
